<?xml version="1.0" encoding="UTF-8"?>
<!--This is a Reload version 2.5.6 Content Package document-->
<!--Spawned from the Reload Content Package Generator - http://www.reload.ac.uk-->
<manifest xmlns="http://www.imsglobal.org/xsd/imscp_v1p1" xmlns:imsmd="http://www.imsglobal.org/xsd/imsmd_v1p2" xmlns:xsi="http://www.w3.org/2001/XMLSchema-instance" identifier="MANIFEST-6D3FDB6AFDDEC0A71E73250F3D334C88" xsi:schemaLocation="http://www.imsglobal.org/xsd/imscp_v1p1 imscp_v1p1.xsd http://www.imsglobal.org/xsd/imsmd_v1p2 imsmd_v1p2p4.xsd">
  <organizations default="ORG-CD2AB6814C57153FAC769247D0FE0498">
    <organization identifier="ORG-CD2AB6814C57153FAC769247D0FE0498" structure="hierarchical">
      <title>Organization</title>
      <item identifier="ITEM-08772001A6A72658903DD0AC82577330" isvisible="true">
        <title>leccion</title>
        <item identifier="ITEM-569DCA60E6D7DE214C34139AE2CBCF0E" isvisible="true">
          <title>htmls</title>
          <item identifier="ITEM-D3801B74332D52F9D4A021776037F2AC" isvisible="true" identifierref="RES-D4C77F55C089DEEC3758B6FE7729CFA7">
            <title>index</title>
          </item>
          <item identifier="ITEM-3CEF4DC746B70125129717C809C35490" isvisible="true" identifierref="RES-5AE47344C740F60475A3E980B814C9FC">
            <title>step1</title>
          </item>
          <item identifier="ITEM-E73E063B2E0C1D5378A0D3C2306BD188" isvisible="true" identifierref="RES-9256EA55E0FF903803089125F105473A">
            <title>step2</title>
          </item>
          <item identifier="ITEM-29EA21F9063CD807A99CE6E08806DC7E" isvisible="true" identifierref="RES-037E34769322611D6E6612CDECB9D0B8">
            <title>step3</title>
          </item>
          <item identifier="ITEM-DD851DA7D45BC4C8420A51C71E0AFBD9" isvisible="true" identifierref="RES-BBCAA880132D15F2A42CC061AB5DB801">
            <title>end</title>
          </item>
        </item>
      </item>
    </organization>
  </organizations>
  <resources>
    <resource identifier="RES-BBCAA880132D15F2A42CC061AB5DB801" type="webcontent" href="htmls/end.html">
      <file href="htmls/end.html" />
    </resource>
    <resource identifier="RES-D4C77F55C089DEEC3758B6FE7729CFA7" type="webcontent" href="htmls/index.html">
      <file href="htmls/index.html" />
      <file href="htmls/end.html" />
      <file href="htmls/step1.html" />
      <file href="htmls/step2.html" />
      <file href="htmls/step3.html" />
    </resource>
    <resource identifier="RES-5AE47344C740F60475A3E980B814C9FC" type="webcontent" href="htmls/step1.html">
      <file href="htmls/step1.html" />
      <file href="htmls/step2.html" />
      <file href="htmls/step3.html" />
    </resource>
    <resource identifier="RES-9256EA55E0FF903803089125F105473A" type="webcontent" href="htmls/step2.html">
      <file href="htmls/step2.html" />
      <file href="htmls/step3.html" />
    </resource>
    <resource identifier="RES-037E34769322611D6E6612CDECB9D0B8" type="webcontent" href="htmls/step3.html">
      <file href="htmls/step3.html" />
    </resource>
  </resources>
</manifest>

