<?xml version="1.0" encoding="UTF-8"?>
<!--This is a Reload version 2.5.6 Content Package document-->
<!--Spawned from the Reload Content Package Generator - http://www.reload.ac.uk-->
<manifest xmlns="http://www.imsglobal.org/xsd/imscp_v1p1" xmlns:imsmd="http://www.imsglobal.org/xsd/imsmd_v1p2" xmlns:xsi="http://www.w3.org/2001/XMLSchema-instance" identifier="MANIFEST-E290C4946FD28AA61A8EB25C190494C6" xsi:schemaLocation="http://www.imsglobal.org/xsd/imscp_v1p1 imscp_v1p1.xsd http://www.imsglobal.org/xsd/imsmd_v1p2 imsmd_v1p2p2.xsd">
  <metadata>
    <schema>IMS Content</schema>
    <schemaversion>1.2.2</schemaversion>
  </metadata>
  <organizations default="ORG-414DC644BDFF11BDB56022FF46D2B2C7">
    <organization identifier="ORG-414DC644BDFF11BDB56022FF46D2B2C7" structure="hierarchical">
      <title>Ejemplo</title>
      <item identifier="ITEM-925FFA7A18E1861A4D7500C02803F692" isvisible="true" identifierref="RES-CF6F60B9FFA0DDB0C888C434BD359145">
        <title>One</title>
      </item>
    </organization>
    <organization identifier="ORG-4539A83A21B655AC27563888C55540FF" structure="hierarchical">
      <title>Dos</title>
      <item identifier="ITEM-548C896551D6CA2823E1EB8F377B93B1" isvisible="true" identifierref="RES-CF6F60B9FFA0DDB0C888C434BD359145">
        <title>One</title>
      </item>
      <item identifier="ITEM-08B866904738E49AB8A8A2EA28B881B8" isvisible="true" identifierref="RES-D3AA90004DD25331F42F32B056E72F4D">
        <title>Two</title>
      </item>
    </organization>
  </organizations>
  <resources>
    <resource identifier="RES-CF6F60B9FFA0DDB0C888C434BD359145" type="webcontent" href="one.html">
      <file href="one.html" />
      <file href="supp/reloadeditoricon.gif" />
      <file href="supp/reloadhelp.css" />
      <file href="supp/sunset1.jpg" />
    </resource>
    <resource identifier="RES-D3AA90004DD25331F42F32B056E72F4D" type="webcontent" href="two.html">
      <file href="two.html" />
      <file href="supp/reloadeditoricon.gif" />
      <file href="supp/reloadhelp.css" />
      <file href="supp/sunset2.jpg" />
    </resource>
  </resources>
</manifest>

