<?xml version="1.0" encoding="UTF-8" standalone="no"?>
<manifest xmlns="" xmlns:adlcp="http://www.adlnet.org/xsd/adlcp_v1p3" xmlns:adlnav="http://www.adlnet.org/xsd/adlnav_v1p3" xmlns:adlseq="http://www.adlnet.org/xsd/adlseq_v1p3" xmlns:imsss="http://www.imsglobal.org/xsd/imsss" xmlns:xsi="http://www.w3.org/2001/XMLSchema-instance" identifier="com.medpix.clavy.4394341304236931.sequencing.randomtest.20043rd" version="1" xsi:schemaLocation="http://www.imsglobal.org/xsd/imscp_v1p1 imscp_v1p1.xsd http://www.adlnet.org/xsd/adlcp_v1p3 adlcp_v1p3.xsd http://www.adlnet.org/xsd/adlseq_v1p3 adlseq_v1p3.xsd http://www.adlnet.org/xsd/adlnav_v1p3 adlnav_v1p3.xsd http://www.imsglobal.org/xsd/imsss imsss_v1p0.xsd">
   <metadata>
      <schema>ADL SCORM</schema>
      <schemaversion>2004 3rd Edition</schemaversion>
   </metadata>
   <organizations default="MAIN_TOC36354">
      <organization adlseq:objectivesGlobalToSystem="false" identifier="MAIN_TOC36354">
         <title>Chest</title>
         <item identifier="content_wrapper" isvisible="false">
            <title>Cases</title>
            <item identifier="Cases_36354_0" identifierref="MAIN_RESOURCE0">
               <title>Cases: 9 y.o. girl with several month history of d...</title>
               <imsss:sequencing>
                  <imsss:deliveryControls completionSetByContent="true" objectiveSetByContent="true"/>
               </imsss:sequencing>
               <item identifier="Topics: 36489_1" identifierref="MAIN_RESOURCE1">
                  <title>Topics: Mediastinal Teratoma</title>
               </item>
            </item>
            <imsss:sequencing>
               <imsss:controlMode choice="true" flow="true"/>
               <imsss:rollupRules childActivitySet="all" objectiveMeasureWeight="0" rollupObjectiveSatisfied="false" rollupProgressCompletion="false">
                  <imsss:rollupRule>
                     <imsss:rollupConditions>
                        <imsss:rollupCondition condition="completed"/>
                     </imsss:rollupConditions>
                     <imsss:rollupAction action="satisfied"/>
                  </imsss:rollupRule>
               </imsss:rollupRules>
               <imsss:objectives identifier="posttest_item" objectiveID="content_completed">
                  <imsss:primaryObjective>
                     <imsss:mapInfo targetObjectiveID="com.medpix.clavy.4394341304236931.sequencing.randomtest.content_completed" writeSatisfiedStatus="true"/>
                  </imsss:primaryObjective>
               </imsss:objectives>
            </imsss:sequencing>
         </item>
         <item>
            <title>Post Test</title>
            <item identifier="test_1" identifierref="assessment_resource" isvisible="false" parameters="?content=q36354">
               <title>Quiz 1</title>
               <imsss:sequencing IDRef="test_sequencing_rules"/>
               <adlnav:presentation>
                  <adlnav:navigationInterface>
                     <adlnav:hideLMSUI>suspendAll</adlnav:hideLMSUI>
                  </adlnav:navigationInterface>
               </adlnav:presentation>
            </item>
            <imsss:sequencing>
               <imsss:controlMode choice="false" flow="true"/>
               <imsss:sequencingRules>
                  <imsss:preConditionRule>
                     <imsss:ruleConditions conditionCombination="any">
                        <imsss:ruleCondition condition="satisfied" operator="not" referencedObjective="content_completed"/>
                        <imsss:ruleCondition condition="objectiveStatusKnown" operator="not" referencedObjective="content_completed"/>
                     </imsss:ruleConditions>
                     <imsss:ruleAction action="disabled"/>
                  </imsss:preConditionRule>
                  <imsss:preConditionRule>
                     <imsss:ruleConditions conditionCombination="any">
                        <imsss:ruleCondition condition="attemptLimitExceeded"/>
                        <imsss:ruleCondition condition="satisfied"/>
                     </imsss:ruleConditions>
                     <imsss:ruleAction action="disabled"/>
                  </imsss:preConditionRule>
                  <imsss:postConditionRule>
                     <imsss:ruleConditions conditionCombination="all">
                        <imsss:ruleCondition condition="satisfied" operator="not"/>
                        <imsss:ruleCondition condition="attemptLimitExceeded" operator="not"/>
                     </imsss:ruleConditions>
                     <imsss:ruleAction action="retry"/>
                  </imsss:postConditionRule>
                  <imsss:postConditionRule>
                     <imsss:ruleConditions conditionCombination="all">
                        <imsss:ruleCondition condition="objectiveStatusKnown" operator="not"/>
                        <imsss:ruleCondition condition="attemptLimitExceeded" operator="not"/>
                     </imsss:ruleConditions>
                     <imsss:ruleAction action="retry"/>
                  </imsss:postConditionRule>
                  <imsss:postConditionRule>
                     <imsss:ruleConditions conditionCombination="any">
                        <imsss:ruleCondition condition="objectiveStatusKnown"/>
                        <imsss:ruleCondition condition="attemptLimitExceeded"/>
                     </imsss:ruleConditions>
                     <imsss:ruleAction action="exitAll"/>
                  </imsss:postConditionRule>
               </imsss:sequencingRules>
               <imsss:limitConditions attemptLimit="2"/>
               <imsss:rollupRules>
                  <imsss:rollupRule childActivitySet="any">
                     <imsss:rollupConditions>
                        <imsss:rollupCondition condition="satisfied"/>
                     </imsss:rollupConditions>
                     <imsss:rollupAction action="satisfied"/>
                  </imsss:rollupRule>
                  <imsss:rollupRule childActivitySet="any">
                     <imsss:rollupConditions>
                        <imsss:rollupCondition condition="satisfied" operator="not"/>
                     </imsss:rollupConditions>
                     <imsss:rollupAction action="notSatisfied"/>
                  </imsss:rollupRule>
               </imsss:rollupRules>
               <imsss:objectives>
                  <imsss:primaryObjective objectiveID="course_score">
                     <imsss:mapInfo readNormalizedMeasure="true" readSatisfiedStatus="false" targetObjectiveID="com.medpix.clavy.4394341304236931.sequencing.randomtest.course_score"/>
                  </imsss:primaryObjective>
                  <imsss:objective objectiveID="content_completed">
                     <imsss:mapInfo readSatisfiedStatus="false" targetObjectiveID="com.medpix.clavy.4394341304236931.sequencing.randomtest.content_completed"/>
                  </imsss:objective>
               </imsss:objectives>
               <imsss:randomizationControls randomizationTiming="onEachNewAttempt" reorderChildren="true"/>
            </imsss:sequencing>
         </item>
         <imsss:sequencing choice="true" flow="true">
            <imsss:controlMode/>
            <imsss:rollupRules>
               <imsss:rollupRule childActivitySet="any">
                  <imsss:rollupConditions conditionCombination="any">
                     <imsss:rollupCondition condition="satisfied"/>
                     <imsss:rollupCondition condition="attemptLimitExceeded"/>
                  </imsss:rollupConditions>
                  <imsss:rollupAction action="completed"/>
               </imsss:rollupRule>
            </imsss:rollupRules>
         </imsss:sequencing>
      </organization>
   </organizations>
   <resources>
      <resource adlcp:scormType="sco" href="shared/launchpage.html?content=36489" identifier="MAIN_RESOURCE1" type="webcontent">
         <file href="36489.html"/>
         <dependency identifierref="common_files"/>
      </resource>
      <resource adlcp:scormType="sco" href="shared/launchpage.html?content=36354" identifier="MAIN_RESOURCE0" type="webcontent">
         <file href="36354.html"/>
         <dependency identifierref="common_files"/>
      </resource>
      <resource adlcp:scormType="sco" href="shared/launchpage.html" identifier="assessment_resource" type="webcontent">
         <dependency identifierref="common_files"/>
      </resource>
      <resource adlcp:scormType="asset" identifier="common_files" type="webcontent">
         <file href="shared/assessmenttemplate.html"/>
         <file href="shared/background.jpg"/>
         <file href="shared/cclicense.png"/>
         <file href="shared/contentfunctions.js"/>
         <file href="shared/launchpage.html"/>
         <file href="shared/scormfunctions.js"/>
         <file href="shared/style.css"/>
         <file href="styleC.css"/>
      </resource>
   </resources>
   <imsss:sequencingCollection>
      <imsss:sequencing ID="test_sequencing_rules">
         <imsss:sequencingRules>
            <imsss:postConditionRule>
               <imsss:ruleConditions>
                  <imsss:ruleCondition condition="always"/>
               </imsss:ruleConditions>
               <imsss:ruleAction action="exitParent"/>
            </imsss:postConditionRule>
         </imsss:sequencingRules>
         <imsss:objectives objectiveID="course_score">
            <imsss:primaryObjective readNormalizedMeasure="false" readSatisfiedStatus="false" targetObjectiveID="com.medpix.clavy.4394341304236931.sequencing.randomtest.course_score" writeNormalizedMeasure="true">
               <imsss:mapInfo/>
            </imsss:primaryObjective>
         </imsss:objectives>
         <imsss:deliveryControls completionSetByContent="true" objectiveSetByContent="true"/>
      </imsss:sequencing>
   </imsss:sequencingCollection>
</manifest>
