[{"rType":"asset","rSubType":"image","fileName":"image.png","fileSize":410828,"val":"mc-1847ab41c7958229d7aedaa83f6eaa36.png","aid":"I9XRmw0H17","size":410828},{"rType":"asset","rSubType":"image","fileName":"Abstract-Background-White.jpg","fileSize":392097,"val":"mc-418b9ae1a71b376ab3a37c2666cee4bf.jpg","aid":"g784pLR0Qw","size":392097},{"rType":"asset","rSubType":"image","fileName":"bg_top_grey1.png","fileSize":10761,"val":"mc-ecd9b094b076021514567c63e1a55099.png","aid":"AaXGw8NbeM","size":10761},{"rType":"asset","rSubType":"image","fileName":"Free-Vector-Backgrounds-PNG-1024x334.png","fileSize":78194,"val":"mc-1f79d050ef3b024c45f1fa21969acac5.png","aid":"PVXPMEQhLU","size":78194}]