{"i":{"0":{"id":"0","pid":"55918","type":"project","setup":{"customColors":["#0aa6e5","#136711","#bdee28","#ec9f06","#09b392","#ff62ad","#ff0206"],"projectImage":{"pos":{"crop":{"poi":{"x":418.5,"y":210}}},"measures":{"size":{"width":670,"height":420}},"original":{"rType":"asset","rSubType":"image","fileName":"image.png","fileSize":410828,"val":"mc-1847ab41c7958229d7aedaa83f6eaa36.png","aid":"I9XRmw0H17"}},"skinColor":"#82A419","backgroundType":"image","titlesFont":{"id":"roboto_sans_serif"},"styleImage":{"pos":{"crop":{"poi":{"x":418.5,"y":210}}},"measures":{"size":{"width":670,"height":420}}},"name":{"val":"Prueba","rType":"text"},"backgroundImage":{"pos":{"crop":{"poi":{"x":969,"y":600}}},"measures":{"size":{"width":1920,"height":1200}},"original":{"rType":"asset","rSubType":"image","fileName":"Abstract-Background-White.jpg","fileSize":392097,"val":"mc-418b9ae1a71b376ab3a37c2666cee4bf.jpg","aid":"g784pLR0Qw"}},"lang":"en-US","font":{"id":"nunito_rounded"},"projectType":"express","pos":["Ti6iEm6DtH"],"cover":{"type":"none"}},"publication":{"type":"scorm12","config":{"scorm12":{"trackingMode":"comp"}}},"evaluation":{"members":{"B1E1V5qS4":{"id":"B1E1V5qS4","type":"item","size":2,"enabled":true}},"cutOff":50}},"eqDBRhS27z":{"id":"eqDBRhS27z","type":"slide","setup":{"templateId":"305","pos":["4GLufJwghi","0QnE_8FK6q","void2","void3","void4","void5","void6","void7","void8","void9","void10","void11","void12","void13","void14","void15","void16","void17","void18","void19"]}},"Ti6iEm6DtH":{"id":"Ti6iEm6DtH","type":"section","setup":{"pos":["rNXBZc0dJD"]}},"rNXBZc0dJD":{"id":"rNXBZc0dJD","type":"subsection","setup":{"pos":["eqDBRhS27z"]}}},"v":"1"}