{"i":{"eqDBRhS27z":{"id":"eqDBRhS27z","type":"slide","setup":{"bg":{"selectedKey":"image","fill":{"opac":0.4,"rgb":"#FFF"},"img":{"filt":{"opac":100,"gray":0,"blur":0,"tint":{"rgb":"#FFF","opac":0}},"pos":{"type":"crop","fit":{"bg":{"color":{"rgb":"#FFF","opac":100}},"vali":"center","hali":"center"},"crop":{"poi":{"x":547.5,"y":337.5}}},"measures":{"size":{"width":1200,"height":675}},"orig":{"rType":"asset","rSubType":"image","fileName":"bg_top_grey1.png","fileSize":10761,"val":"mc-ecd9b094b076021514567c63e1a55099.png","aid":"AaXGw8NbeM"}},"gradient":{"angle":90,"opac":0.36,"stops":[{"color":"#ffffff","pos":0},{"color":"#a7a8a7","pos":100}]}},"transparentBg":{"selectedKey":true},"bord":{"size":0,"rad":5}}},"4GLufJwghi":{"id":"4GLufJwghi","type":"interactive","subtype":"interactiveImage","setup":{"img":{"filt":{"opac":100,"gray":0,"blur":0,"tint":{"rgb":"#FFF","opac":0}},"pos":{"type":"fit","fit":{"bg":{"color":{"rgb":"#FFF","opac":0}},"vali":"center","hali":"left"},"crop":{"poi":{"x":408,"y":166.5}},"mask":{"shape":1}},"measures":{"size":{"width":1024,"height":334}},"orig":{"rType":"asset","rSubType":"image","fileName":"Free-Vector-Backgrounds-PNG-1024x334.png","fileSize":78194,"val":"mc-1f79d050ef3b024c45f1fa21969acac5.png","aid":"PVXPMEQhLU"}}}},"0QnE_8FK6q":{"id":"0QnE_8FK6q","type":"interactive","subtype":"interactiveRichText","setup":{"frmeTp":{"selectedKey":"noneFrame"},"bg":{"fill":{"opac":0,"rgb":"#FFF"}},"txt":{"rType":"richtext","val":{"ops":[{"insert":"Título","attributes":{"color":"#000000","bold":true}},{"insert":"\n","attributes":{"size":"giantTitle"}},{"insert":"\n","attributes":{"size":"small"}},{"insert":"upv","attributes":{"color":"#666666"}},{"insert":"\n","attributes":{"size":"medium"}}]}},"rType":"richtext","hali":"center","vali":"middle","frmeColo":{"color":{"opac":1,"rgb":"#EA3A3A"}}}}},"v":"1"}